{
  "Expediente": {
    "inicio": "09/12/2021 08:36:00",
    "fim": "09/12/2021 17:36:00"
  },
  "Almoco": {
    "inicio": "09/12/2021 12:02:00",
    "fim": "09/12/2021 13:02:00"
  },
  "Janta": {
    "inicio": "",
    "fim": ""
  },
  "SaldoHoras": "08:00:00",
  "HorasExtras": "00:00:00",
  "Atividades": [
    {
      "Nome": "BGSL - Poc de Menu Parcial",
      "Descricao": "Apresentar a proposta de solução para a equipe, e verificar regras adicionais.",
      "Atuacao": {
        "inicio": "",
        "fim": "09/12/2021 17:36:00"
      },
      "status": false,
      "previsao": null
    },
    {
      "Nome": "Particionamento do Expurgo",
      "Descricao": "Rever a estrutura e mitigar erros",
      "Atuacao": {
        "inicio": "",
        "fim": "09/12/2021 17:36:00"
      },
      "status": false,
      "previsao": "2021-10-08T23:59:00"
    },
    {
      "Nome": "Ajustar a apresentação segundo orientações do Álvaro",
      "Descricao": "Ajustar a apresentação e reenviar para o time.",
      "Atuacao": {
        "inicio": "",
        "fim": "09/12/2021 17:36:00"
      },
      "status": false,
      "previsao": null
    },
    {
      "Nome": "Liquibase - Estudar como funciona o versionamento do Liquibase",
      "Descricao": "Liquibase - Estudar como funciona o versionamento do Liquibase",
      "Atuacao": {
        "inicio": "",
        "fim": "09/12/2021 17:36:00"
      },
      "status": false,
      "previsao": null
    },
    {
      "Nome": "Acesso Base TU - Verificar com a Silvia os acessos a TU",
      "Descricao": "Permitir acessos de owner no ambiente de TU para o net Empresa.",
      "Atuacao": {
        "inicio": "",
        "fim": "09/12/2021 17:36:00"
      },
      "status": false,
      "previsao": null
    },
    {
      "Nome": "Flyway - Estudar como funciona o versionamento do Flyway",
      "Descricao": "Flyway - Estudar como funciona o versionamento do Flyway",
      "Atuacao": {
        "inicio": "",
        "fim": "09/12/2021 17:36:00"
      },
      "status": false,
      "previsao": null
    },
    {
      "Nome": "CobFlex - Alteração Campo Logradouro",
      "Descricao": "Alteração modelo e aplicar em TU, já está aplicado em sala limpa.",
      "Atuacao": {
        "inicio": "01/11/2021 17:31:28",
        "fim": "09/12/2021 17:36:00"
      },
      "status": false,
      "previsao": null
    },
    {
      "Nome": "Adequação das Bases de TI",
      "Descricao": "Adequar as bases de TI conforme fontes de produção.",
      "Atuacao": {
        "inicio": "05/11/2021 00:00:00",
        "fim": "09/12/2021 17:36:00"
      },
      "status": false,
      "previsao": null
    },
    {
      "Nome": "PDPJ - Realizar RDM da procedure OFPJD000",
      "Descricao": "Ver no chat do André Marinho. RDM711932 - enviar até o dia 29/12.",
      "Atuacao": {
        "inicio": "05/11/2021 09:46:43",
        "fim": "09/12/2021 17:36:00"
      },
      "status": false,
      "previsao": null
    },
    {
      "Nome": "TP - Base de Dados Produção",
      "Descricao": "Tentar performar as procedures indicadas pela MS no relatório de indisponibilidade.",
      "Atuacao": {
        "inicio": "19/10/2021 00:00:00",
        "fim": "09/12/2021 17:36:00"
      },
      "status": false,
      "previsao": "2021-10-19T23:59:00"
    },
    {
      "Nome": "CobFlex - Limpeza das tabelas de TU",
      "Descricao": "Realizar limpeza das tabelas de TU, solicitação da Fabi.",
      "Atuacao": {
        "inicio": "09/12/2021 09:27:14",
        "fim": "09/12/2021 09:27:58"
      },
      "status": true,
      "previsao": null
    },
    {
      "Nome": "PDPJ - Verificar e-mail do Mario",
      "Descricao": "Analisar como responder o e-mail do Mário.",
      "Atuacao": {
        "inicio": "07/12/2021 07:59:25",
        "fim": "09/12/2021 09:28:05"
      },
      "status": true,
      "previsao": null
    },
    {
      "Nome": "Open Finance - Agregador de Contas - PI",
      "Descricao": "Realizar PI da procedure de agregador de contas - Alisson",
      "Atuacao": {
        "inicio": "09/12/2021 00:00:00",
        "fim": "09/12/2021 13:53:33"
      },
      "status": true,
      "previsao": "2021-12-09T23:59:00"
    },
    {
      "Nome": "Pesquisa em Produção - Solicitação da Letícia",
      "Descricao": "Verificar no teams",
      "Atuacao": {
        "inicio": "04/11/2021 15:26:05",
        "fim": "09/12/2021 14:12:12"
      },
      "status": true,
      "previsao": null
    }
  ]
}