{
  "Expediente": {
    "inicio": "13/12/2021 08:02:00",
    "fim": ""
  },
  "Almoco": {
    "inicio": "",
    "fim": ""
  },
  "Janta": {
    "inicio": "",
    "fim": ""
  },
  "SaldoHoras": "-08:00:00",
  "HorasExtras": "",
  "Atividades": [
    {
      "Nome": "BGSL - Poc de Menu Parcial",
      "Descricao": "Apresentar a proposta de solução para a equipe, e verificar regras adicionais.",
      "Atuacao": {
        "inicio": "",
        "fim": ""
      },
      "status": false,
      "previsao": null
    },
    {
      "Nome": "Particionamento do Expurgo",
      "Descricao": "Rever a estrutura e mitigar erros",
      "Atuacao": {
        "inicio": "",
        "fim": ""
      },
      "status": false,
      "previsao": "2021-10-08T23:59:00"
    },
    {
      "Nome": "Ajustar a apresentação segundo orientações do Álvaro",
      "Descricao": "Ajustar a apresentação e reenviar para o time.",
      "Atuacao": {
        "inicio": "",
        "fim": ""
      },
      "status": false,
      "previsao": null
    },
    {
      "Nome": "Liquibase - Estudar como funciona o versionamento do Liquibase",
      "Descricao": "Liquibase - Estudar como funciona o versionamento do Liquibase",
      "Atuacao": {
        "inicio": "",
        "fim": ""
      },
      "status": false,
      "previsao": null
    },
    {
      "Nome": "Acesso Base TU - Verificar com a Silvia os acessos a TU",
      "Descricao": "Permitir acessos de owner no ambiente de TU para o net Empresa.",
      "Atuacao": {
        "inicio": "",
        "fim": ""
      },
      "status": false,
      "previsao": null
    },
    {
      "Nome": "Flyway - Estudar como funciona o versionamento do Flyway",
      "Descricao": "Flyway - Estudar como funciona o versionamento do Flyway",
      "Atuacao": {
        "inicio": "",
        "fim": ""
      },
      "status": false,
      "previsao": null
    },
    {
      "Nome": "CobFlex - Alteração Campo Logradouro",
      "Descricao": "Alteração modelo e aplicar em TU, já está aplicado em sala limpa.",
      "Atuacao": {
        "inicio": "01/11/2021 17:31:28",
        "fim": ""
      },
      "status": false,
      "previsao": null
    },
    {
      "Nome": "Adequação das Bases de TI",
      "Descricao": "Adequar as bases de TI conforme fontes de produção.",
      "Atuacao": {
        "inicio": "05/11/2021 00:00:00",
        "fim": ""
      },
      "status": false,
      "previsao": null
    },
    {
      "Nome": "PDPJ - Realizar RDM da procedure OFPJD000",
      "Descricao": "Ver no chat do André Marinho. RDM711932 - enviar até o dia 29/12.",
      "Atuacao": {
        "inicio": "05/11/2021 09:46:43",
        "fim": ""
      },
      "status": false,
      "previsao": null
    },
    {
      "Nome": "TP - Base de Dados Produção",
      "Descricao": "Tentar performar as procedures indicadas pela MS no relatório de indisponibilidade.",
      "Atuacao": {
        "inicio": "19/10/2021 00:00:00",
        "fim": ""
      },
      "status": false,
      "previsao": "2021-10-19T23:59:00"
    }
  ]
}